TIENDA_ID,LATITUD_NUM,LONGITUD_NUM,estado,municipio,cp
1,26.00177,-98.24284,Tamaulipas,Reynosa,88795
2,26.04198,-98.3562,Tamaulipas,Reynosa,88736
3,26.02464,-98.26098,Tamaulipas,Reynosa,88778
4,26.04326,-98.23851,Tamaulipas,Reynosa,88780
5,26.06397,-98.26165,Tamaulipas,Reynosa,88680
6,26.02745,-98.35609,Tamaulipas,Reynosa,88736
7,26.08957,-98.33238,Tamaulipas,Reynosa,88655
8,26.04768,-98.2894,Tamaulipas,Reynosa,88755
9,26.01405,-98.39384,Tamaulipas,Reynosa,88733
11,26.00828,-98.40705,Tamaulipas,Reynosa,88733
12,25.99668,-98.26116,Tamaulipas,Reynosa,88799
13,25.98686,-98.09433,Tamaulipas,Río Bravo,88910
14,26.21178,-98.5901,Tamaulipas,Gustavo Díaz Ordaz,88405
15,26.04645,-98.32298,Tamaulipas,Reynosa,88754
16,26.02393,-98.34394,Tamaulipas,Reynosa,88736
17,26.05687,-98.36383,Tamaulipas,Reynosa,88730
18,26.05197,-98.28736,Tamaulipas,Reynosa,88760
19,25.9944,-98.11901,Tamaulipas,Río Bravo,88933
21,25.18824,-99.80819,Nuevo León,MONTEMORELOS ,67500
22,25.57557,-99.98963,Nuevo León,CADEREYTA JIMENEZ ,67484
23,24.88103,-99.58133,Nuevo León,LINARES ,67735
24,25.18881,-99.82257,Nuevo León,MONTEMORELOS ,67500
25,25.18958,-99.85066,Nuevo León,MONTEMORELOS ,67530
26,24.86496,-99.56645,Nuevo León,LINARES ,67700
27,25.18924,-99.8317,Nuevo León,MONTEMORELOS ,67500
28,25.57477,-99.97964,Nuevo León,CADEREYTA JIMENEZ ,67484
29,25.19407,-99.83954,Nuevo León,MONTEMORELOS ,67512
31,25.29708,-100.02935,Nuevo León,ALLENDE ,67350
32,25.66615,-100.13315,Nuevo León,JUAREZ ,67257
33,25.25546,-99.68657,Nuevo León,GRAL. TERAN ,67400
34,25.28155,-100.0205,Nuevo León,ALLENDE ,67350
35,24.8626,-99.57939,Nuevo León,LINARES ,67700
36,25.1755,-99.83795,Nuevo León,MONTEMORELOS ,67535
37,25.61395,-100.17367,Nuevo León,JUAREZ ,67286
38,25.6076,-99.64965,Nuevo León,LOS RAMONES ,66842
39,25.71129,-99.25392,Nuevo León,CHINA ,67050
41,25.45995,-99.99653,Nuevo León,CADEREYTA JIMENEZ ,67465
42,25.57826,-100.02549,Nuevo León,CADEREYTA JIMENEZ ,67485
43,25.61009,-100.15445,Nuevo León,JUAREZ ,67280
44,25.61295,-100.15086,Nuevo León,JUAREZ ,67280
45,25.60885,-100.15186,Nuevo León,JUAREZ ,67280
46,25.58484,-99.98952,Nuevo León,CADEREYTA JIMENEZ ,67480
47,24.86497,-99.561,Nuevo León,LINARES ,67755
48,25.19349,-99.83942,Nuevo León,MONTEMORELOS ,67500
49,25.39686,-100.13477,Nuevo León,SANTIAGO ,67329
51,24.85599,-99.53781,Nuevo León,LINARES ,67750
52,25.65314,-100.1115,Nuevo León,JUAREZ ,67267
53,25.15216,-99.84832,Nuevo Leon,MONTEMORELOS ,67535
54,25.18022,-99.83248,Nuevo León,MONTEMORELOS ,67580
55,25.47078,-100.17538,Nuevo León,SANTIAGO ,67300
56,25.67128,-100.08602,Nuevo León,JUAREZ ,67267
57,25.24865,-99.97038,Nuevo León,MONTEMORELOS ,67610
58,25.1883,-99.83526,Nuevo León,MONTEMORELOS ,67530
59,25.25199,-99.70225,Nuevo León,GRAL. TERAN ,67400
61,25.79335,-99.17981,Nuevo León,GRAL. BRAVO ,67000
62,25.64195,-100.11259,Nuevo León,JUAREZ ,67265
63,25.66645,-100.10365,Nuevo León,JUAREZ ,67250
64,25.58841,-100.00187,Nuevo León,CADEREYTA JIMENEZ ,67480
65,24.8592,-99.55032,Nuevo León,LINARES ,67755
66,25.18693,-99.82255,Nuevo León,MONTEMORELOS ,67500
67,25.67955,-100.11205,Nuevo León,JUAREZ ,67288
68,25.64911,-100.1431,Nuevo León,JUAREZ ,67277
69,25.61119,-100.17794,Nuevo León,JUAREZ ,67286
71,25.58097,-100.00314,Nuevo León,CADEREYTA JIMENEZ ,67480
72,25.60005,-99.99983,Nuevo León,CADEREYTA JIMENEZ ,67483
73,25.59638,-100.02602,Nuevo León,JUAREZ ,67450
74,25.58452,-100.00093,Nuevo León,CADEREYTA JIMENEZ ,67480
75,24.86431,-99.57059,Nuevo León,LINARES ,67700
76,25.6064,-100.16801,Nuevo León,JUAREZ ,67286
77,25.22275,-99.93358,Nuevo León,MONTEMORELOS ,67608
78,25.68897,-100.11577,Nuevo León,JUAREZ ,67258
79,24.8547,-99.56993,Nuevo León,LINARES ,67700
81,25.56297,-99.97865,Nuevo León,CADEREYTA JIMENEZ ,67484
82,24.85338,-99.55459,Nuevo León,LINARES ,67790
83,25.5778,-100.01034,Nuevo León,CADEREYTA JIMENEZ ,67485
84,25.40713,-100.13747,Nuevo León,SANTIAGO ,67320
85,25.64717,-100.09112,Nuevo León,JUAREZ ,67250
86,25.68957,-100.11101,Nuevo León,JUAREZ ,67258
87,24.87257,-99.57919,Nuevo León,LINARES ,67700
88,25.3844,-100.11426,Nuevo León,SANTIAGO ,67328
89,25.64365,-100.08587,Nuevo León,JUAREZ ,67250
91,24.86346,-99.52436,Nuevo León,LINARES ,67750
92,25.28406,-100.01023,Nuevo León,ALLENDE ,67350
93,25.61114,-100.04841,Nuevo León,CADEREYTA JIMENEZ ,67486
94,25.2663,-100.00712,Nuevo León,ALLENDE ,67350
95,24.86121,-99.5874,Nuevo León,LINARES ,67700
96,25.64882,-100.11601,Nuevo León,JUAREZ ,67275
97,25.19287,-99.82562,Nuevo León,MONTEMORELOS ,67500
98,24.8886,-99.67181,Nuevo León,HUALAHUISES ,67890
99,24.8691,-99.55367,Nuevo León,LINARES ,67716
101,25.6252,-100.11314,Nuevo León,JUAREZ ,67250
102,25.20612,-99.83051,Nuevo León,MONTEMORELOS ,67500
103,25.30148,-100.03258,Nuevo León,ALLENDE ,67350
104,25.66592,-100.09583,Nuevo León,JUAREZ ,67250
105,25.18256,-99.81497,Nuevo León,MONTEMORELOS ,67599
106,25.20434,-99.84566,Nuevo León,MONTEMORELOS ,67515
107,24.88132,-99.55085,Nuevo León,LINARES ,67701
108,25.28456,-100.01976,Nuevo León,ALLENDE ,67350
109,25.6497,-100.07945,Nuevo León,JUAREZ ,67254
111,25.58972,-99.99443,Nuevo León,CADEREYTA JIMENEZ ,67480
112,25.63771,-100.14633,Nuevo León,JUAREZ ,67280
113,25.6422,-100.27802,Nuevo León,MONTERREY ,64860
114,25.27831,-100.02243,Nuevo León,ALLENDE ,67350
115,25.78965,-100.14666,Nuevo León,APODACA ,66627
116,25.65226,-100.2795,Nuevo León,MONTERREY ,64830
117,25.71883,-100.19133,Nuevo León,GUADALUPE ,67113
118,25.608,-100.27007,Nuevo León,MONTERREY ,64950
119,25.65988,-100.29136,Nuevo León,MONTERREY ,64810
121,25.64548,-100.29303,Nuevo León,MONTERREY ,64840
122,25.60406,-100.2678,Nuevo León,MONTERREY ,64968
123,25.50882,-100.19437,Nuevo León,SANTIAGO ,67302
124,25.46137,-100.17089,Nuevo León,SANTIAGO ,67318
125,25.69017,-100.25164,Nuevo León,MONTERREY ,64720
126,25.69107,-100.21261,Nuevo León,GUADALUPE ,2108
127,25.66474,-100.20913,Nuevo León,GUADALUPE ,67180
128,25.65119,-100.19772,Nuevo León,GUADALUPE ,67194
129,25.6808,-100.24372,Nuevo León,GUADALUPE ,67150
131,25.64911,-100.26649,Nuevo León,GUADALUPE ,67174
132,25.64953,-100.384,Nuevo León,SAN PEDRO GARZA GARCIA ,66244
133,25.66034,-100.28202,Nuevo León,MONTERREY ,64800
134,25.66256,-100.36801,Nuevo León,SAN PEDRO GARZA GARCIA ,66220
135,25.69272,-100.25433,Nuevo León,GUADALUPE ,67123
136,25.77565,-100.26596,Nuevo León,APODACA ,66635
137,25.78499,-100.25311,Nuevo León,APODACA ,66612
138,25.65744,-100.36574,Nuevo León,SAN PEDRO GARZA GARCIA ,66220
139,25.63525,-100.37125,Nuevo León,SAN PEDRO GARZA GARCIA ,66290
141,25.68098,-100.23912,Nuevo León,GUADALUPE ,67150
142,25.7783,-100.18404,Nuevo León,APODACA ,66600
143,25.62531,-100.29113,Nuevo León,MONTERREY ,64898
144,24.88035,-99.58588,Nuevo León,LINARES ,67735
145,25.66404,-100.21449,Nuevo León,GUADALUPE ,67185
146,25.65478,-100.38306,Nuevo León,SAN PEDRO GARZA GARCIA ,66240
147,25.65384,-100.28962,Nuevo León,MONTERREY ,64700
148,25.62791,-100.36239,Nuevo León,SAN PEDRO GARZA GARCIA ,66295
149,25.60031,-100.26577,Nuevo León,MONTERREY ,64960
151,25.62241,-100.28827,Nuevo León,MONTERREY ,64920
152,25.66861,-100.24023,Nuevo León,GUADALUPE ,67175
153,25.18819,-99.82875,Nuevo León,MONTEMORELOS ,67500
154,25.67178,-100.28287,Nuevo León,MONTERREY ,64800
155,25.59048,-100.00025,Nuevo León,CADEREYTA JIMENEZ ,67480
156,25.67567,-100.22221,Nuevo León,GUADALUPE ,67180
157,25.63502,-100.36374,Nuevo León,SAN PEDRO GARZA GARCIA ,66254
158,25.64524,-100.27484,Nuevo León,MONTERREY ,64850
159,25.66725,-100.27725,Nuevo León,MONTERREY ,64800
161,25.66865,-100.40311,Nuevo León,SAN PEDRO GARZA GARCIA ,66239
162,25.6743,-100.40425,Nuevo León,SAN PEDRO GARZA GARCIA ,66210
163,25.64966,-100.18897,Nuevo León,GUADALUPE ,67198
164,25.73369,-100.19908,Nuevo León,APODACA ,66634
165,25.65304,-100.28399,Nuevo León,MONTERREY ,64830
166,25.79733,-100.24907,Nuevo León,APODACA ,66612
167,25.64782,-100.27427,Nuevo León,MONTERREY ,64835
168,25.85564,-100.23961,Nuevo León,APODACA ,66616
169,25.65122,-100.33959,Nuevo León,SAN PEDRO GARZA GARCIA ,66260
171,25.66523,-100.34199,Nuevo León,MONTERREY ,64710
172,25.19135,-99.81539,Nuevo León,MONTEMORELOS ,67550
173,25.6217,-100.29776,Nuevo León,MONTERREY ,64920
174,25.62244,-100.28191,Nuevo León,MONTERREY ,64790
175,25.64811,-100.32974,Nuevo León,SAN PEDRO GARZA GARCIA ,66260
176,25.63944,-100.27006,Nuevo León,MONTERREY ,64850
177,25.64667,-100.29488,Nuevo León,MONTERREY ,64740
178,25.66035,-100.38279,Nuevo León,SAN PEDRO GARZA GARCIA ,66220
179,25.60124,-100.26406,Nuevo León,MONTERREY ,64890
181,25.6296,-100.27825,Nuevo León,MONTERREY ,64660
182,25.68312,-100.2139,Nuevo León,GUADALUPE ,67160
183,25.18675,-99.83461,Nuevo León,MONTEMORELOS ,67530
184,25.62076,-100.28546,Nuevo León,MONTERREY ,64930
185,25.66474,-100.38099,Nuevo León,SAN PEDRO GARZA GARCIA ,66220
186,25.40545,-100.13366,Nuevo León,SANTIAGO ,67320
187,25.59232,-100.0127,Nuevo León,LINARES ,67700
188,25.68763,-100.24615,Nuevo León,GUADALUPE ,67150
189,25.5929,-99.99295,Nuevo León,CADEREYTA JIMENEZ ,67480
191,25.69273,-100.24576,Nuevo León,GUADALUPE ,67125
192,25.59289,-100.01045,Nuevo León,CADEREYTA JIMENEZ ,67480
193,25.73871,-100.18913,Nuevo León,APODACA ,66633
194,25.42277,-100.14712,Nuevo León,SANTIAGO ,67300
195,25.57531,-100.00992,Nuevo León,CADEREYTA JIMENEZ ,67485
196,25.56563,-100.23929,Nuevo León,MONTERREY ,64989
197,25.27938,-100.02285,Nuevo León,ALLENDE ,67350
198,25.64738,-100.09982,Nuevo León,JUAREZ ,67267
199,25.72332,-100.19058,Nuevo León,GUADALUPE ,67113
201,25.18989,-99.82471,Nuevo León,MONTEMORELOS ,67500
202,25.82094,-100.22097,Nuevo León,APODACA ,66607
203,25.74875,-100.22658,Nuevo León,APODACA ,66632
204,25.65211,-100.37786,Nuevo León,SAN PEDRO GARZA GARCIA ,66220
205,25.42426,-100.15199,Nuevo León,SANTIAGO ,67302
206,25.45105,-100.16215,Nuevo León,SANTIAGO ,67318
207,25.65248,-100.36226,Nuevo León,SAN PEDRO GARZA GARCIA ,66220
208,25.49461,-100.18759,Nuevo León,SANTIAGO ,67302
209,25.26578,-100.00734,Nuevo León,ALLENDE ,67350
211,25.74447,-100.17476,Nuevo León,APODACA ,66640
212,25.69344,-100.1831,Nuevo León,GUADALUPE ,67116
213,25.41392,-100.14064,Nuevo León,SANTIAGO ,67322
214,25.66708,-100.2804,Nuevo León,MONTERREY ,64800
215,24.86443,-99.57326,Nuevo León,LINARES ,67700
216,25.62346,-100.17471,Nuevo León,JUAREZ ,67286
217,25.79035,-100.26302,Nuevo León,APODACA ,66612
218,25.43097,-100.15274,Nuevo León,SANTIAGO ,67310
219,25.4797,-100.17906,Nuevo León,SANTIAGO ,67300
221,25.65854,-100.35639,Nuevo León,SAN PEDRO GARZA GARCIA ,66220
222,25.6544,-100.29456,Nuevo León,MONTERREY ,64700
223,25.66976,-100.23605,Nuevo León,GUADALUPE ,67175
224,25.1895,-99.83821,Nuevo León,MONTEMORELOS ,67510
225,25.65933,-100.1462,Nuevo León,JUAREZ ,67257
226,24.85948,-99.56629,Nuevo León,LINARES ,67700
227,24.85589,-99.56377,Nuevo León,LINARES ,67700
228,25.37839,-100.11195,Nuevo León,SANTIAGO ,67328
229,25.27826,-100.01964,Nuevo León,ALLENDE ,67350
231,25.70295,-100.25852,Nuevo León,GUADALUPE ,67124
232,25.60058,-99.97002,Nuevo León,CADEREYTA JIMENEZ ,67483
233,25.6675,-100.17705,Nuevo León,GUADALUPE ,67190
234,25.65389,-100.34217,Nuevo León,SAN PEDRO GARZA GARCIA ,66260
235,25.78424,-100.26629,Nuevo León,APODACA ,66635
236,25.60325,-100.25761,Nuevo León,MONTERREY ,64898
237,25.64791,-100.29759,Nuevo León,MONTERREY ,64740
238,25.67126,-100.15907,Nuevo León,GUADALUPE ,67196
239,25.76451,-100.2572,Nuevo León,APODACA ,66635
241,25.67252,-100.35968,Nuevo León,MONTERREY ,64710
242,25.65538,-100.29421,Nuevo León,MONTERREY ,64700
243,25.63751,-100.31216,Nuevo León,MONTERREY ,64753
244,25.80301,-100.22456,Nuevo León,APODACA ,66610
245,25.73065,-100.18657,Nuevo León,APODACA ,66633
246,25.64233,-100.27841,Nuevo León,MONTERREY ,64860
247,25.69494,-100.21911,Nuevo León,GUADALUPE ,67117
248,25.70751,-100.19946,Nuevo León,GUADALUPE ,67115
249,25.64624,-100.09664,Nuevo León,JUAREZ ,67267
251,25.66742,-100.28471,Nuevo León,MONTERREY ,64800
252,25.6321,-100.27243,Nuevo León,MONTERREY ,64860
253,25.72968,-100.17269,Nuevo León,APODACA ,66648
254,25.66872,-100.2344,Nuevo León,GUADALUPE ,67180
255,25.77606,-100.25501,Nuevo León,APODACA ,66635
256,25.65545,-100.12373,Nuevo León,JUAREZ ,67267
257,25.66678,-100.16033,Nuevo León,GUADALUPE ,67205
258,25.58928,-100.25288,Nuevo León,MONTERREY ,64984
259,25.67765,-100.2596,Nuevo León,GUADALUPE ,67100
261,25.66352,-100.40939,Nuevo León,SAN PEDRO GARZA GARCIA ,66230
262,25.65916,-100.36804,Nuevo León,SAN PEDRO GARZA GARCIA ,66220
263,25.67809,-100.16256,Nuevo León,GUADALUPE ,67196
264,25.68144,-100.16911,Nuevo León,GUADALUPE ,67196
265,25.78422,-100.19039,Nuevo León,APODACA ,66600
266,25.76677,-100.20124,Nuevo León,APODACA ,66612
267,25.67022,-100.18105,Nuevo León,GUADALUPE ,67190
268,25.69481,-100.23052,Nuevo León,GUADALUPE ,67110
269,25.77694,-100.25638,Nuevo León,APODACA ,66635
271,25.63876,-100.38256,Nuevo León,SAN PEDRO GARZA GARCIA ,66280
272,25.70058,-100.2018,Nuevo León,GUADALUPE ,67118
273,25.76794,-100.24138,Nuevo León,APODACA ,66630
274,25.56632,-100.23881,Nuevo León,MONTERREY ,64989
275,25.73766,-100.16116,Nuevo León,APODACA ,66644
276,25.66113,-100.39875,Nuevo León,SAN PEDRO GARZA GARCIA ,66200
277,25.27453,-100.01677,Nuevo León,ALLENDE ,67350
278,25.65557,-100.08114,Nuevo León,JUAREZ ,67254
279,25.67484,-100.24412,Nuevo León,GUADALUPE ,67155
281,25.69659,-100.25507,Nuevo León,GUADALUPE ,67123
282,24.85018,-99.5719,Nuevo León,LINARES ,67779
283,25.76396,-100.24963,Nuevo León,APODACA ,66636
284,25.53601,-100.21905,Nuevo León,MONTERREY ,64985
285,25.64192,-100.26826,Nuevo León,GUADALUPE ,67173
286,25.65147,-100.10713,Nuevo León,JUAREZ ,67260
287,25.58131,-100.25847,Nuevo León,MONTERREY ,64989
288,25.67442,-100.20493,Nuevo León,GUADALUPE ,67184
289,25.70314,-100.23122,Nuevo León,GUADALUPE ,67129
291,25.68419,-100.24388,Nuevo León,GUADALUPE ,67150
292,25.72188,-100.20232,Nuevo León,GUADALUPE ,67112
293,25.64159,-100.09377,Nuevo León,ALLENDE ,67350
294,25.65195,-100.08189,Nuevo León,JUAREZ ,67254
295,25.65979,-100.39622,Nuevo León,SAN PEDRO GARZA GARCIA ,66200
296,25.66105,-100.25257,Nuevo León,GUADALUPE ,67176
297,25.63888,-100.17997,Nuevo León,JUAREZ ,67257
298,25.67933,-100.24593,Nuevo León,GUADALUPE ,67150
299,25.68426,-100.21374,Nuevo León,GUADALUPE ,67164
301,25.64824,-100.1831,Nuevo León,GUADALUPE ,67193
302,25.67635,-100.26692,Nuevo León,GUADALUPE ,67100
303,25.65706,-100.38443,Nuevo León,SAN PEDRO GARZA GARCIA ,66220
304,25.78333,-100.22558,Nuevo León,APODACA ,66630
305,25.6634,-100.1497,Nuevo León,GUADALUPE ,67196
306,25.67946,-100.2584,Nuevo León,GUADALUPE ,67100
307,25.66859,-100.26665,Nuevo León,GUADALUPE ,67140
308,25.64252,-100.33347,Nuevo León,SAN PEDRO GARZA GARCIA ,66277
309,25.65671,-100.36253,Nuevo León,SAN PEDRO GARZA GARCIA ,66220
311,25.59757,-100.26299,Nuevo León,MONTERREY ,64970
312,25.64689,-100.17775,Nuevo León,GUADALUPE ,67193
313,25.66092,-100.1955,Nuevo León,GUADALUPE ,67190
314,25.67509,-100.26958,Nuevo León,GUADALUPE ,67100
315,25.65235,-100.26606,Nuevo León,GUADALUPE ,67174
316,25.65519,-100.35268,Nuevo León,SAN PEDRO GARZA GARCIA ,66267
317,25.66909,-100.26294,Nuevo León,GUADALUPE ,67140
318,25.74066,-100.16799,Nuevo León,APODACA ,66640
319,25.83017,-100.24536,Nuevo León,APODACA ,66614
321,25.70853,-100.15266,Nuevo León,APODACA ,66647
322,25.65836,-100.22371,Nuevo León,GUADALUPE ,67185
323,25.65474,-100.19161,Nuevo León,GUADALUPE ,67198
324,25.69969,-100.21334,Nuevo León,GUADALUPE ,67118
325,25.68066,-100.1747,Nuevo León,GUADALUPE ,67190
326,25.7292,-100.17807,Nuevo León,APODACA ,66649
327,25.67151,-100.25856,Nuevo León,GUADALUPE ,67100
328,25.69583,-100.23188,Nuevo León,GUADALUPE ,67139
329,25.70334,-100.239,Nuevo León,GUADALUPE ,67129
331,25.67091,-100.39667,Nuevo León,SAN PEDRO GARZA GARCIA ,66228
332,25.69665,-100.14323,Nuevo Leon,GUADALUPE ,67114
333,25.57929,-100.2484,Nuevo León,MONTERREY ,64984
334,25.77734,-100.18229,Nuevo León,APODACA ,66603
335,25.68401,-100.17951,Nuevo León,GUADALUPE ,67169
336,25.63963,-100.28821,Nuevo León,MONTERREY ,64740
337,25.66014,-100.28657,Nuevo León,MONTERREY ,64800
338,25.61578,-100.27783,Nuevo León,MONTERREY ,64930
339,25.77858,-100.12156,Nuevo León,APODACA ,66600
341,25.66711,-100.29076,Nuevo León,MONTERREY ,64810
342,25.65693,-100.17219,Nuevo León,GUADALUPE ,67196
343,25.6585,-100.1898,Nuevo León,GUADALUPE ,67145
344,25.65219,-100.20159,Nuevo León,GUADALUPE ,67183
345,25.64527,-100.37938,Nuevo León,SAN PEDRO GARZA GARCIA ,66256
346,25.74205,-100.19846,Nuevo León,APODACA ,66634
347,25.62776,-100.15437,Nuevo León,JUAREZ ,67250
348,25.69414,-100.1901,Nuevo León,GUADALUPE ,67116
349,25.65609,-100.33998,Nuevo León,SAN PEDRO GARZA GARCIA ,66266
351,25.67929,-100.26519,Nuevo León,GUADALUPE ,67100
352,25.74532,-100.17814,Nuevo León,APODACA ,66645
353,25.75508,-100.1333,Nuevo León,APODACA ,66643
354,25.65599,-100.18227,Nuevo León,GUADALUPE ,67195
355,25.66743,-100.25439,Nuevo León,GUADALUPE ,67140
356,25.66098,-100.26814,Nuevo León,GUADALUPE ,67140
357,25.64439,-100.18586,Nuevo León,GUADALUPE ,67190
358,25.70128,-100.16365,Nuevo León,GUADALUPE ,67113
359,25.79337,-100.23526,Nuevo León,APODACA ,66612
361,25.71936,-100.16773,Nuevo León,APODACA ,66648
362,25.81464,-100.217,Nuevo León,APODACA ,66607
363,25.81966,-100.25688,Nuevo León,APODACA ,66613
364,25.74235,-100.21792,Nuevo León,APODACA ,66633
365,25.6751,-100.21091,Nuevo León,GUADALUPE ,67189
366,25.66606,-100.26935,Nuevo León,GUADALUPE ,67140
367,25.64841,-100.28547,Nuevo León,MONTERREY ,64840
368,25.76541,-100.14872,Nuevo León,APODACA ,66646
369,25.76323,-100.14641,Nuevo León,APODACA ,66646
371,25.77614,-100.18724,Nuevo León,APODACA ,66600
372,25.65999,-100.23217,Nuevo León,GUADALUPE ,67100
373,25.75829,-100.13589,Nuevo León,APODACA ,66643
374,25.72258,-100.14044,Nuevo León,APODACA ,66647
375,25.58959,-100.24934,Nuevo León,MONTERREY ,64988
376,25.74147,-100.15877,Nuevo León,APODACA ,66640
377,25.67398,-100.19056,Nuevo León,GUADALUPE ,67190
378,25.63521,-100.19571,Nuevo León,GUADALUPE ,67197
379,25.66388,-100.20391,Nuevo León,GUADALUPE ,67190
381,25.78953,-100.19482,Nuevo León,APODACA ,66605
382,25.70592,-100.1009,Nuevo León,SANTIAGO ,67329
383,25.70929,-100.10361,Nuevo León,PESQUERIA ,66670
384,25.70345,-100.09608,Nuevo León,PESQUERIA ,66670
385,25.71077,-100.09625,Nuevo León,PESQUERIA ,66670
386,25.70686,-100.09634,Nuevo León,PESQUERIA ,66670
387,25.75882,-100.17007,Nuevo León,APODACA ,66646
388,25.82395,-100.12135,Nuevo León,PESQUERIA ,66655
389,25.74648,-100.19411,Nuevo León,APODACA ,66634
391,25.65676,-100.38827,Nuevo León,SAN PEDRO GARZA GARCIA ,66220
392,25.78061,-100.18968,Nuevo León,APODACA ,66600
393,25.82126,-100.10702,Nuevo León,PESQUERIA ,66655
394,25.81771,-100.1078,Nuevo León,PESQUERIA ,66655
395,25.67661,-100.24879,Nuevo León,GUADALUPE ,67144
396,25.56043,-100.232,Nuevo León,MONTERREY ,64985
397,25.6812,-100.17201,Nuevo León,GUADALUPE ,67134
398,25.76204,-100.13888,Nuevo León,APODACA ,66643
399,25.8141,-100.25587,Nuevo León,APODACA ,66613
401,25.71205,-100.16304,Nuevo León,APODACA ,66647
402,25.72369,-100.16661,Nuevo León,APODACA ,66648
403,25.8132,-100.10732,Nuevo León,PESQUERIA ,66655
404,25.67993,-100.25752,Nuevo León,GUADALUPE ,67100
405,25.67513,-100.19265,Nuevo León,GUADALUPE ,67188
406,25.6645,-100.26545,Nuevo León,GUADALUPE ,67140
407,25.73733,-100.20671,Nuevo León,APODACA ,66633
408,25.60873,-100.26883,Nuevo León,MONTERREY ,64890
409,25.66723,-100.22505,Nuevo León,GUADALUPE ,67170
411,25.70931,-100.1846,Nuevo León,GUADALUPE ,67114
412,25.80539,-100.21943,Nuevo León,APODACA ,66610
413,25.62891,-100.29645,Nuevo León,MONTERREY ,64764
414,25.57829,-100.24148,Nuevo León,MONTERREY ,64984
415,25.74753,-100.15064,Nuevo León,APODACA ,66646
416,25.65194,-100.18565,Nuevo León,GUADALUPE ,67193
417,25.66245,-100.23941,Nuevo León,GUADALUPE ,67175
418,25.75359,-100.15279,Nuevo León,APODACA ,12242
419,25.65289,-100.34605,Nuevo León,SAN PEDRO GARZA GARCIA ,66264
421,25.65846,-100.16494,Nuevo León,GUADALUPE ,67195
422,25.87785,-100.25374,Nuevo León,SALINAS VICTORIA ,65516
423,25.6728,-100.23769,Nuevo León,GUADALUPE ,67175
424,25.6241,-100.29509,Nuevo León,MONTERREY ,64900
425,25.73241,-100.17578,Nuevo León,APODACA ,66640
426,25.77853,-100.18607,Nuevo León,APODACA ,66600
427,25.73371,-100.18386,Nuevo León,APODACA ,66633
428,25.79502,-100.21742,Nuevo León,APODACA ,66610
429,25.66419,-100.33111,Nuevo León,MONTERREY ,64710
431,25.66744,-100.2239,Nuevo León,GUADALUPE ,67185
432,25.81587,-100.26231,Nuevo León,APODACA ,66613
433,25.70933,-100.23586,Nuevo León,GUADALUPE ,67129
434,25.78113,-100.25848,Nuevo León,APODACA ,66636
435,25.65787,-100.40572,Nuevo León,SAN PEDRO GARZA GARCIA ,66200
436,25.54982,-100.22381,Nuevo León,MONTERREY ,64985
437,25.6505,-100.19497,Nuevo León,GUADALUPE ,67194
438,25.69605,-100.21036,Nuevo León,GUADALUPE ,67118
439,25.71549,-100.20702,Nuevo León,GUADALUPE ,67110
441,25.72353,-100.17124,Nuevo León,APODACA ,66648
442,25.65022,-100.2928,Nuevo León,MONTERREY ,64700
443,25.65795,-100.43849,Nuevo León,SANTA CATARINA ,66196
444,25.5866,-100.24493,Nuevo León,MONTERREY ,64988
445,25.65845,-100.28419,Nuevo León,MONTERREY ,64700
446,25.68774,-100.18129,Nuevo León,GUADALUPE ,67169
447,25.73034,-100.16336,Nuevo León,APODACA ,66648
448,25.77803,-100.17311,Nuevo León,APODACA ,66603
449,25.74115,-100.22425,Nuevo León,APODACA ,66633
451,25.78324,-100.0539,Nuevo León,PESQUERIA ,66650
452,25.62589,-100.27324,Nuevo León,MONTERREY ,64860
453,25.74442,-100.16092,Nuevo León,APODACA ,66640
454,25.68396,-100.17319,Nuevo León,GUADALUPE ,67134
455,25.73055,-100.18982,Nuevo León,APODACA ,66633
456,25.74066,-100.1661,Nuevo León,APODACA ,66640
457,25.73088,-100.15723,Nuevo León,APODACA ,66640
458,25.70524,-100.20732,Nuevo León,GUADALUPE ,67110
459,25.73927,-100.14431,Nuevo León,APODACA ,60629
461,25.76057,-100.2168,Nuevo León,APODACA ,66632
462,25.7795,-100.1882,Nuevo León,APODACA ,66600
463,25.66278,-100.17165,Nuevo León,GUADALUPE ,67195
464,25.70318,-100.24274,Nuevo León,PESQUERIA ,66655
465,25.77893,-100.25511,Nuevo León,APODACA ,66636
466,25.65171,-100.19697,Nuevo León,MONTERREY ,64650
467,25.82195,-100.23402,Nuevo León,APODACA ,66614
468,25.82092,-100.23078,Nuevo León,CARMEN ,66583
469,25.67482,-100.19868,Nuevo León,GUADALUPE ,67190
471,25.65677,-100.33659,Nuevo León,SAN PEDRO GARZA GARCIA ,66266
472,25.65847,-100.36536,Nuevo León,SAN PEDRO GARZA GARCIA ,66220
473,26.08988,-99.61414,Nuevo León,CERRALVO ,65900
474,25.71698,-100.13154,Nuevo León,APODACA ,66647
475,26.21838,-99.48379,Nuevo León,GRAL. TREVIN_O ,65850
476,25.65174,-100.16009,Nuevo León,GUADALUPE ,67199
477,25.69536,-100.117,Nuevo León,JUAREZ ,67258
478,25.63906,-100.18691,Nuevo León,GUADALUPE ,67197
479,25.78114,-100.18658,Nuevo León,APODACA ,66600
481,25.7829,-100.2648,Nuevo León,APODACA ,66635
482,25.78409,-100.1831,Nuevo León,APODACA ,66600
483,26.30989,-99.5393,Nuevo León,AGUALEGUAS ,65800
484,25.71093,-100.13501,Nuevo León,APODACA ,66647
485,25.29167,-100.02398,Nuevo León,ALLENDE ,67350
486,25.59693,-100.02597,Nuevo León,CADEREYTA JIMENEZ ,67450
487,25.63661,-100.17872,Nuevo León,JUAREZ ,67286
488,25.61455,-100.17592,Nuevo León,JUAREZ ,67286
489,25.63466,-100.15852,Nuevo León,JUAREZ ,67289
491,25.61903,-100.14562,Nuevo León,JUAREZ ,67276
492,25.27251,-100.00065,Nuevo León,ALLENDE ,67350
493,25.68103,-100.25271,Nuevo León,GUADALUPE ,67144
494,26.08399,-99.60526,Nuevo León,CERRALVO ,65900
495,25.66923,-100.23264,Nuevo León,GUADALUPE ,67179
496,24.84507,-99.55926,Nuevo León,LINARES ,67790
497,25.20866,-99.84815,Nuevo León,MONTEMORELOS ,67515
498,25.2806,-100.01745,Nuevo León,ALLENDE ,67350
499,25.61784,-100.17803,Nuevo León,JUAREZ ,67286
501,25.17002,-99.84103,Nuevo León,MONTEMORELOS ,67535
502,25.78769,-100.18016,Nuevo León,APODACA ,66605
503,25.67292,-100.25155,Nuevo León,GUADALUPE ,67144
504,25.62039,-100.28323,Nuevo León,MONTERREY ,64790
505,25.61653,-100.14059,Nuevo León,JUAREZ ,67280
506,25.70051,-100.18745,Nuevo León,GUADALUPE ,67116
507,25.65665,-100.26909,Nuevo León,GUADALUPE ,67174
508,25.61912,-100.12962,Nuevo León,JUAREZ ,67280
509,25.66655,-100.21398,Nuevo León,GUADALUPE ,67185
511,24.84738,-99.553,Nuevo León,LINARES ,67790
512,25.75565,-100.10629,Nuevo León,PESQUERIA ,66673
513,25.80144,-100.21888,Nuevo León,APODACA ,66610
514,25.59599,-100.077,Nuevo León,VALLE DEL ROBLE,67458
515,25.63215,-100.09914,Nuevo León,JUAREZ ,67266
516,25.5751,-100.01917,Nuevo León,CADEREYTA JIMENEZ ,67485
517,25.68302,-100.0874,Nuevo León,JUAREZ ,67256
518,24.85695,-99.53004,Nuevo León,LINARES ,67756
519,25.68449,-100.2262,Nuevo León,GUADALUPE ,67163
521,25.81326,-99.16838,Nuevo Leon,GRAL. BRAVO ,67000
522,25.81395,-99.16855,Nuevo Leon,GRAL. BRAVO ,67000
523,25.70674,-99.23637,Nuevo León,CHINA ,67050
524,25.64402,-100.05898,Nuevo León,JUAREZ ,67259
525,25.59205,-100.00413,Nuevo León,CADEREYTA JIMENEZ ,67480
526,25.59127,-100.00781,Nuevo León,CADEREYTA JIMENEZ ,67480
527,25.64268,-100.10129,Nuevo León,JUAREZ ,67267
528,25.60567,-100.07793,Nuevo León,VALLE DEL ROBLE,67458
529,25.64248,-100.1225,Nuevo León,JUAREZ ,67275
531,25.66834,-100.20095,Nuevo León,GUADALUPE ,67184
532,25.68988,-100.10206,Nuevo León,JUAREZ ,67258
533,25.76443,-100.26214,Nuevo León,APODACA ,66635
534,25.80848,-100.2275,Nuevo León,APODACA ,66610
535,25.78523,-100.19049,Nuevo León,APODACA ,66600
536,25.6581,-100.22496,Nuevo León,GUADALUPE ,67182
537,25.19829,-99.82656,Nuevo León,MONTEMORELOS ,67500
538,25.60006,-99.98635,Nuevo León,CADEREYTA JIMENEZ ,67483
539,25.69036,-99.2423,Nuevo León,CHINA ,67050
541,25.70214,-100.25043,Nuevo León,GUADALUPE ,67120
542,25.6263,-100.09652,Nuevo León,JUAREZ ,67265
543,25.65013,-100.07336,Nuevo León,JUAREZ ,67250
544,25.64653,-100.06443,Nuevo León,JUAREZ ,67259
545,25.59278,-100.00266,Nuevo León,CADEREYTA JIMENEZ ,67480
546,25.62223,-100.09129,Nuevo León,JUAREZ ,67265
547,25.66161,-100.14385,Nuevo León,JUAREZ ,67257
548,25.7961,-99.1784,Nuevo León,GRAL. BRAVO ,67000
549,25.7083,-100.08768,Nuevo León,PESQUERIA ,66670
551,25.66131,-100.10421,Nuevo León,JUAREZ ,67267
552,25.62981,-100.09465,Nuevo León,JUAREZ ,67265
553,25.62432,-100.29972,Nuevo León,MONTERREY ,64920
554,25.65033,-100.3553,Nuevo León,SAN PEDRO GARZA GARCIA ,66265
555,24.87242,-99.56097,Nuevo León,LINARES ,67715
556,24.8612,-99.56176,Nuevo León,LINARES ,67720
557,25.6704,-100.21162,Nuevo León,GUADALUPE ,67184
558,25.66055,-100.15006,Nuevo León,GUADALUPE ,67202
559,25.72444,-100.15672,Nuevo León,APODACA ,66647
561,25.66779,-100.1394,Nuevo León,GUADALUPE ,67200
562,25.69635,-100.20652,Nuevo León,GUADALUPE ,67118
563,25.77845,-100.02328,Nuevo León,PESQUERIA ,66650
564,25.68658,-100.21385,Nuevo León,GUADALUPE ,67164
565,25.66704,-100.10666,Nuevo León,JUAREZ ,67267
566,25.61549,-100.16955,Nuevo León,JUAREZ ,67250
567,25.64856,-100.3572,Nuevo León,SAN PEDRO GARZA GARCIA ,66273
568,25.79812,-100.25672,Nuevo León,APODACA ,66612
569,25.62041,-100.10528,Nuevo León,JUAREZ ,67250
571,25.74155,-100.18463,Nuevo León,APODACA ,66633
572,25.5733,-100.02196,Nuevo León,CADEREYTA JIMENEZ ,67485
573,25.61552,-100.15421,Nuevo León,JUAREZ ,67280
574,25.8221,-100.25906,Nuevo León,APODACA ,66613
575,25.6737,-100.27038,Nuevo León,GUADALUPE ,67140
576,25.65319,-100.20294,Nuevo León,GUADALUPE ,67198
577,25.5977,-100.25362,Nuevo León,MONTERREY ,64988
578,25.60816,-100.16515,Nuevo León,MONTERREY ,64480
579,25.66445,-100.1007,Nuevo León,JUAREZ ,67267
581,25.58871,-99.99602,Nuevo León,CADEREYTA JIMENEZ ,67450
582,25.69596,-100.18514,Nuevo León,GUADALUPE ,67116
583,25.66215,-100.22198,Nuevo León,GUADALUPE ,67170
584,25.66242,-100.29553,Nuevo León,MONTERREY ,64810
585,25.66144,-100.21849,Nuevo León,GUADALUPE ,67185
586,25.6606,-100.15012,Nuevo León,GUADALUPE ,67202
587,25.72789,-100.1931,Nuevo León,GUADALUPE ,67117
588,25.58313,-99.98599,Nuevo León,CADEREYTA JIMENEZ ,67480
589,25.63988,-100.19627,Nuevo León,GUADALUPE ,67192
591,25.65561,-100.22113,Nuevo León,GUADALUPE ,67182
592,25.64027,-100.20374,Nuevo León,GUADALUPE ,67194
593,25.74583,-100.16589,Nuevo León,APODACA ,66640
594,25.72671,-100.17316,Nuevo León,APODACA ,66648
595,25.28658,-100.03171,Nuevo León,ALLENDE ,67350
596,25.79536,-100.0951,Nuevo León,PESQUERIA ,66655
597,25.6714,-100.21653,Nuevo León,GUADALUPE ,67185
598,25.68012,-100.22238,Nuevo León,GUADALUPE ,67160
599,25.67213,-100.23018,Nuevo León,GUADALUPE ,67179
601,25.6537,-100.15693,Nuevo León,GUADALUPE ,67199
602,25.64834,-100.20994,Nuevo León,GUADALUPE ,67186
603,25.77272,-100.01139,Nuevo León,PESQUERIA ,66658
604,25.62711,-100.28613,Nuevo León,MONTERREY ,64780
605,25.28028,-99.97056,Nuevo León,ALLENDE ,67354
606,25.66378,-100.12145,Nuevo León,JUAREZ ,67269
607,25.65072,-100.17396,Nuevo León,GUADALUPE ,67196
608,25.78701,-100.20481,Nuevo León,APODACA ,66604
609,25.6568,-100.20271,Nuevo León,GUADALUPE ,67180
611,25.68666,-100.23036,Nuevo León,GUADALUPE ,67163
612,25.74353,-100.17685,Nuevo León,APODACA ,66612
613,25.66542,-100.12747,Nuevo León,JUAREZ ,67257
614,25.69467,-100.10876,Nuevo León,JUAREZ ,67258
615,25.19016,-99.83539,Nuevo León,MONTEMORELOS ,67500
616,25.70758,-100.16037,Nuevo León,APODACA ,66647
617,25.65422,-100.07998,Nuevo León,JUAREZ ,67254
618,25.56061,-100.00581,Nuevo León,CADEREYTA JIMENEZ ,67480
619,25.69338,-100.11017,Nuevo León,JUAREZ ,67258
621,25.58565,-100.03457,Nuevo León,CADEREYTA JIMENEZ ,67485
622,25.58502,-99.99391,Nuevo León,CADEREYTA JIMENEZ ,67480
623,25.58972,-99.98302,Nuevo León,CADEREYTA JIMENEZ ,67483
624,25.63117,-100.10429,Nuevo León,JUAREZ ,67266
625,25.62271,-100.12389,Nuevo León,JUAREZ ,67280
626,25.58631,-100.00492,Nuevo León,CADEREYTA JIMENEZ ,67450
627,25.37624,-100.11082,Nuevo León,SANTIAGO ,67328
628,25.62308,-100.11947,Nuevo León,JUAREZ ,67280
629,25.6821,-100.41138,Nuevo León,SAN PEDRO GARZA GARCIA ,66219
631,25.7878,-100.26697,Nuevo León,APODACA ,66612
632,25.67265,-100.10799,Nuevo León,,12242
633,25.72512,-100.18482,Nuevo León,GUADALUPE ,67114
634,25.79764,-100.26361,Nuevo León,APODACA ,66612
635,25.6638,-100.25769,Nuevo León,GUADALUPE ,67174
636,25.79726,-100.05891,Nuevo León,PESQUERIA ,66653
637,25.66896,-100.1318,Nuevo León,JUAREZ ,67257
638,25.66655,-100.27964,Nuevo León,MONTERREY ,64800
639,25.71143,-100.15224,Nuevo León,APODACA ,66647
641,25.66455,-100.15575,Nuevo León,GUADALUPE ,67205
642,25.70438,-100.22197,Nuevo León,GUADALUPE ,67110
643,25.65151,-100.18677,Nuevo León,GUADALUPE ,67198
644,25.7036,-100.15854,Nuevo León,GUADALUPE ,67130
645,25.66766,-100.2033,Nuevo León,GUADALUPE ,67184
646,25.8184,-100.09625,Nuevo León,PESQUERIA ,66655
647,25.7865,-100.26285,Nuevo León,APODACA ,66612
648,25.28052,-100.01043,Nuevo León,ALLENDE ,67350
649,25.68285,-100.16291,Nuevo León,GUADALUPE ,67196
651,25.77467,-100.20012,Nuevo León,APODACA ,66600
652,25.65635,-100.26234,Nuevo León,GUADALUPE ,67174
653,25.69885,-100.12075,Nuevo León,APODACA ,66676
654,25.18499,-99.8407,Nuevo León,MONTEMORELOS ,67530
655,25.64333,-100.13593,Nuevo León,JUAREZ ,67277
656,25.66196,-100.31357,Nuevo León,MONTERREY ,64720
657,25.62437,-100.06568,Nuevo León,JUAREZ ,67262
658,25.64325,-100.09237,Nuevo León,JUAREZ ,67250
659,25.191,-99.82865,Nuevo León,MONTEMORELOS ,67500
661,25.71494,-100.10718,Nuevo León,PESQUERIA ,66670
662,25.45501,-100.15735,Nuevo León,SANTIAGO ,67316
663,25.71882,-100.16863,Nuevo León,APODACA ,66648
664,25.76367,-100.24509,Nuevo León,APODACA ,66636
665,25.66052,-100.18487,Nuevo León,GUADALUPE ,67190
666,25.7564,-100.23588,Nuevo León,APODACA ,66630
667,25.73719,-100.15527,Nuevo León,APODACA ,66644
668,25.72812,-100.18563,Nuevo León,GUADALUPE ,67114
669,25.82412,-100.21998,Nuevo León,APODACA ,66607
671,25.67863,-100.26725,Nuevo León,GUADALUPE ,67140
672,25.64168,-100.08912,Nuevo León,JUAREZ ,67250
673,25.64503,-100.17097,Nuevo León,GUADALUPE ,67199
674,25.69528,-100.20643,Nuevo León,GUADALUPE ,67118
675,25.78519,-100.05869,Nuevo León,PESQUERIA ,66650
676,25.77877,-100.2631,Nuevo León,APODACA ,66635
677,25.68325,-100.23067,Nuevo León,GUADALUPE ,67163
678,25.80739,-100.23326,Nuevo León,APODACA ,66610
679,25.75634,-100.16623,Nuevo León,APODACA ,66646
681,25.73571,-100.18086,Nuevo León,APODACA ,66633
682,25.66952,-100.20744,Nuevo León,GUADALUPE ,67184
683,25.75383,-100.10352,Nuevo León,PESQUERIA ,66673
684,25.70486,-100.15613,Nuevo León,GUADALUPE ,67130
685,25.62251,-100.11564,Nuevo León,JUAREZ ,67280
686,25.54298,-99.84019,Nuevo León,CADEREYTA JIMENEZ ,67454
687,25.66008,-100.20738,Nuevo León,GUADALUPE ,67180
688,25.66385,-100.16292,Nuevo León,GUADALUPE ,67203
689,25.6576,-100.19825,Nuevo León,GUADALUPE ,67198
691,25.66351,-100.17908,Nuevo León,GUADALUPE ,67190
692,25.64549,-100.15797,Nuevo León,JUAREZ ,67257
693,25.68688,-100.09822,Nuevo León,JUAREZ ,67258
694,25.67955,-100.24328,Nuevo León,GUADALUPE ,67155
695,25.64133,-100.06171,Nuevo León,JUAREZ ,67255
696,25.77371,-100.23999,Nuevo León,APODACA ,66636
697,25.64114,-100.15849,Nuevo León,JUAREZ ,67288
698,25.7564,-100.2484,Nuevo León,APODACA ,66630
699,25.57064,-100.02873,Nuevo León,CADEREYTA JIMENEZ ,67485
701,25.66395,-100.15029,Nuevo León,GUADALUPE ,67205
702,25.67344,-100.26084,Nuevo León,GUADALUPE ,67100
703,25.75169,-100.15797,Nuevo León,APODACA ,66646
704,25.68419,-100.22138,Nuevo León,GUADALUPE ,67160
705,25.74365,-100.1505,Nuevo León,APODACA ,66646
706,25.73785,-100.20217,Nuevo León,APODACA ,66633
707,25.77529,-100.23816,Nuevo León,APODACA ,66636
708,25.3947,-100.12973,Nuevo León,SANTIAGO ,67330
709,25.64914,-100.16257,Nuevo Leon,JUAREZ ,67257
711,25.68007,-100.16831,Nuevo León,GUADALUPE ,67134
712,25.63907,-100.14898,Nuevo León,JUAREZ ,67277
713,24.85807,-99.57523,Nuevo León,LINARES ,67760
714,25.87926,-100.0327,Nuevo León,MARIN ,66700
715,25.60082,-99.9882,Nuevo León,CADEREYTA JIMENEZ ,67483
716,25.7105,-100.21547,Nuevo León,GUADALUPE ,67110
717,25.637,-100.1251,Nuevo León,JUAREZ ,67275
718,25.5967,-99.98241,Nuevo León,CADEREYTA JIMENEZ ,67483
719,25.58241,-100.02211,Nuevo León,CADEREYTA JIMENEZ ,67456
721,25.36299,-99.98668,Nuevo León,CADEREYTA JIMENEZ ,67460
722,25.69569,-100.24609,Nuevo León,GUADALUPE ,67125
723,25.37834,-100.11439,Nuevo León,SANTIAGO ,67328
724,25.63517,-100.18604,Nuevo León,JUAREZ ,67288
725,25.66995,-100.27144,Nuevo León,MONTERREY ,64800
726,25.72278,-100.15421,Nuevo León,APODACA ,66647
727,25.64184,-100.10777,Nuevo León,JUAREZ ,67267
728,25.66763,-100.18443,Nuevo León,GUADALUPE ,67190
729,25.78478,-100.25775,Nuevo León,APODACA ,66612
731,25.67493,-100.20706,Nuevo León,GUADALUPE ,67188
732,25.75866,-100.10849,Nuevo León,PESQUERIA ,66673
733,25.79861,-100.20199,Nuevo León,APODACA ,66606
734,25.5415,-100.00833,Nuevo León,CADEREYTA JIMENEZ ,67456
735,25.71611,-100.18296,Nuevo León,APODACA ,66649
736,25.81079,-100.21974,Nuevo León,APODACA ,66610
737,25.57386,-100.00367,Nuevo León,CADEREYTA JIMENEZ ,67480
738,25.77445,-100.19367,Nuevo León,APODACA ,66600
739,25.80732,-100.24986,Nuevo León,APODACA ,66613
741,25.6503,-100.09787,Nuevo León,JUAREZ ,67267
742,25.79436,-100.08207,Nuevo León,PESQUERIA ,66658
743,25.7687,-100.21336,Nuevo León,APODACA ,66632
744,25.60719,-100.04114,Nuevo León,CADEREYTA JIMENEZ ,67450
745,25.69224,-99.62149,Nuevo León,,66833
746,25.6867,-100.19352,Nuevo León,GUADALUPE ,67168
747,25.599,-99.68105,Tamaulipas,LOS RAMONES ,66842
748,25.27433,-100.01648,Nuevo León,ALLENDE ,67350
749,26.07895,-99.62539,Nuevo León,CERRALVO ,65900
751,25.68108,-100.07976,Nuevo León,JUAREZ ,67256
752,25.6614,-100.40051,Nuevo León,SAN PEDRO GARZA GARCIA ,66200
753,25.72788,-100.18008,Nuevo León,GUADALUPE ,67114
754,25.71732,-100.19217,Nuevo León,GUADALUPE ,67113
755,25.6718,-100.07631,Nuevo León,JUAREZ ,67256
756,25.63392,-100.12148,Nuevo León,JUAREZ ,67275
757,25.46719,-100.17342,Nuevo León,SANTIAGO ,67300
758,25.62464,-100.11749,Nuevo León,JUAREZ ,67280
759,25.61631,-100.13266,Nuevo León,JUAREZ ,67280
761,25.487,-100.1833,Nuevo León,SANTIAGO ,67303
762,25.6793,-100.09175,Nuevo León,JUAREZ ,67256
763,25.62994,-100.17502,Nuevo León,JUAREZ ,67288
764,25.28191,-100.02697,Nuevo León,ALLENDE ,67350
765,25.69325,-100.23738,Nuevo León,GUADALUPE ,67139
766,25.72372,-100.14054,Nuevo León,APODACA ,66643
768,25.35691,-100.09469,Nuevo León,SANTIAGO ,67327
769,25.69461,-100.17078,Nuevo León,GUADALUPE ,67116
771,25.77843,-100.24895,Nuevo León,APODACA ,66636
772,25.79316,-100.18115,Nuevo León,APODACA ,66605
773,25.80301,-100.22922,Nuevo León,APODACA ,66610
774,25.53083,-100.21282,Nuevo León,MONTERREY ,64985
775,25.76244,-100.25412,Nuevo León,APODACA ,66635
776,25.61936,-100.12416,Nuevo León,JUAREZ ,67280
777,25.76835,-100.25045,Nuevo León,APODACA ,66636
778,25.64885,-100.08403,Nuevo León,JUAREZ ,67254
779,25.7022,-99.22837,Nuevo León,CHINA ,67050
781,25.6386,-100.1923,Nuevo León,GUADALUPE ,67197
782,25.6037,-100.1814,Nuevo León,JUAREZ ,67286
783,25.6989,-100.1506,Nuevo León,GUADALUPE ,67130
784,25.2894,-100.03434,Nuevo León,ALLENDE ,67350
785,25.26151,-99.67147,Nuevo León,GRAL. TERAN ,67400
786,25.2829,-100.0032,Nuevo León,ALLENDE ,67350
787,25.61143,-100.14326,Nuevo León,JUAREZ ,67280
788,25.62279,-100.14207,Nuevo León,JUAREZ ,67276
789,25.71404,-100.17443,Nuevo León,APODACA ,66649
791,25.182,-99.8244,Nuevo León,MONTEMORELOS ,67580
792,25.67762,-100.25978,Nuevo León,GUADALUPE ,67100
793,25.1903,-99.8164,Nuevo León,MONTEMORELOS ,67520
794,25.62578,-100.10845,Nuevo León,JUAREZ ,67266
795,25.72208,-100.11152,Nuevo León,PESQUERIA ,66670
796,25.80135,-100.157,Nuevo León,APODACA ,66620
797,25.71515,-100.10426,Nuevo León,PESQUERIA ,66670
798,25.99222,-98.09663,Tamaulipas,Río Bravo,88930
799,25.77842,-100.20311,Nuevo León,APODACA ,66600
801,25.58436,-100.02436,Nuevo León,CADEREYTA JIMENEZ ,67485
802,25.9898,-98.1002,Tamaulipas,Río Bravo,88930
803,25.9872,-98.1074,Tamaulipas,Río Bravo,88950
804,25.54712,-100.23021,Nuevo León,MONTERREY ,64996
805,26.0835,-98.33,Tamaulipas,Reynosa,88655
806,26.069,-98.2719,Tamaulipas,Reynosa,88680
807,26.07896,-98.33792,Tamaulipas,Reynosa,88710
808,26.02103,-98.27533,Tamaulipas,Reynosa,88799
809,26.03188,-98.34141,Tamaulipas,Reynosa,88736
811,26.0562,-98.3151,Tamaulipas,Reynosa,88703
812,25.63369,-100.08873,Nuevo León,JUAREZ ,67262
813,25.992,-98.114,Tamaulipas,Río Bravo,88930
814,25.1249,-99.81162,Nuevo León,MONTEMORELOS ,67614
815,25.56212,-100.0206,Nuevo León,CADEREYTA JIMENEZ ,67485
816,26.09528,-98.28297,Tamaulipas,Reynosa,88500
817,26.08866,-98.27988,Tamaulipas,Reynosa,88500
818,25.56875,-99.9824,Nuevo León,CADEREYTA JIMENEZ ,67484
819,26.0669,-98.39358,Tamaulipas,Reynosa,88715
821,25.78159,-100.24528,Nuevo León,APODACA ,66612
822,25.98347,-98.11129,Tamaulipas,Río Bravo,88950
823,25.66404,-100.23363,Nuevo León,GUADALUPE ,67176
824,25.7371,-100.16613,Nuevo León,APODACA ,66644
825,25.621,-100.1357,Nuevo León,JUAREZ ,67280
826,25.58719,-100.0281,Nuevo León,CADEREYTA JIMENEZ ,67485
827,25.52392,-100.20669,Nuevo León,MONTERREY ,64985
828,25.6678,-100.2209,Nuevo León,GUADALUPE ,67185
829,25.6583,-100.0982,Nuevo León,JUAREZ ,67267
831,25.80079,-100.19156,Nuevo León,APODACA ,66606
832,25.66925,-100.237,Nuevo León,GUADALUPE ,67175
833,25.8173,-100.234,Nuevo León,APODACA ,66614
834,25.70647,-100.22508,Nuevo León,GUADALUPE ,67129
835,26.01647,-98.25479,Tamaulipas,Reynosa,88777
836,25.796,-100.2677,Nuevo León,APODACA ,66612
837,25.59165,-100.00124,Nuevo León,CADEREYTA JIMENEZ ,67480
838,24.86658,-99.57686,Nuevo León,LINARES ,67769
839,26.08506,-98.27164,Tamaulipas,Reynosa,88560
841,25.58732,-100.27536,Nuevo León,CADEREYTA JIMENEZ ,67467
842,25.66859,-100.20566,Nuevo León,GUADALUPE ,67184
843,25.29304,-100.01274,Nuevo León,ALLENDE ,67350
844,25.6201,-100.0489,Nuevo Leon,CADEREYTA JIMENEZ ,67486
845,25.6792,-100.179,Nuevo León,GUADALUPE ,67134
846,25.65985,-100.34713,Nuevo León,SAN PEDRO GARZA GARCIA ,66278
847,25.71567,-100.1601,Nuevo León,APODACA ,66647
848,26.09732,-98.29138,Tamaulipas,Reynosa,88540
849,25.85841,-99.94211,Nuevo León,DR. GONZALEZ ,66750
851,26.06185,-98.32044,Tamaulipas,Reynosa,88740
852,25.60786,-100.05789,Nuevo León,CADEREYTA JIMENEZ ,67485
853,25.97227,-98.29033,Tamaulipas,Reynosa,88860
854,26.04082,-98.31979,Tamaulipas,Reynosa,88756
855,26.04971,-98.31442,Tamaulipas,Reynosa,88703
856,26.04652,-98.38172,Tamaulipas,Reynosa,88735
859,25.61021,-100.06526,Nuevo León,,67285
861,25.69839,-100.11424,Nuevo León,GUADALUPE ,67190
862,25.64401,-100.14872,Nuevo León,MONTERREY ,64760
863,25.18193,-99.85133,Nuevo León,LINARES ,67800
865,26.00448,-98.25235,Tamaulipas,Reynosa,87500
866,26.03853,-98.30021,Tamaulipas,Reynosa,87509
867,24.86623,-99.5714,Tamaulipas,LINARES ,67769
868,25.64498,-100.10663,Nuevo León,GUADALUPE ,67173
871,25.79852,-100.22754,Nuevo León,GRAL. ESCOBEDO ,66055
872,25.76884,-100.15083,Nuevo León,MONTERREY ,64560
873,25.69741,-100.13975,Nuevo León,GUADALUPE ,67132
874,25.40397,-99.98722,Nuevo León,CADEREYTA JIMENEZ ,67467
875,26.0857,-98.29232,Tamaulipas,Reynosa,88620
876,26.08091,-98.27484,Tamaulipas,Reynosa,88630
877,26.03791,-98.36191,Tamaulipas,Reynosa,88736
878,26.03851,-98.35729,Tamaulipas,Reynosa,88736
879,26.09214,-98.2756,Tamaulipas,Reynosa,88500
881,26.07699,-98.277,Tamaulipas,Reynosa,88630
882,26.0883,-98.27013,Tamaulipas,Reynosa,88560
883,26.0646,-98.2845,Tamaulipas,Reynosa,88630
884,26.0896,-98.27616,Tamaulipas,Reynosa,78557
885,25.98226,-98.09069,Tamaulipas,Río Bravo,88959
886,26.06934,-98.29477,Tamaulipas,Reynosa,88660
887,26.05794,-98.29427,Tamaulipas,Reynosa,88690
888,26.06334,-98.28745,Tamaulipas,Reynosa,88631
889,26.07191,-98.27563,Tamaulipas,Reynosa,88680
891,25.97946,-98.06868,Tamaulipas,Río Bravo,88900
892,26.0774,-98.29348,Tamaulipas,Reynosa,88660
893,26.08725,-98.30295,Tamaulipas,Reynosa,88620
894,26.06298,-98.33505,Tamaulipas,Reynosa,88747
895,26.07196,-98.3496,Tamaulipas,Reynosa,88710
896,26.03921,-98.351,Tamaulipas,Reynosa,88736
897,26.05115,-98.34874,Tamaulipas,Reynosa,88700
898,26.05933,-98.30631,Tamaulipas,Reynosa,88700
899,26.07745,-98.28304,Tamaulipas,Reynosa,88630
901,26.05283,-98.29934,Tamaulipas,Reynosa,88759
902,26.06042,-98.31307,Tamaulipas,Reynosa,88500
903,26.06081,-98.29796,Tamaulipas,Reynosa,88500
904,26.18754,-98.46751,Tamaulipas,Gustavo Díaz Ordaz,88420
905,26.02988,-98.23728,Tamaulipas,Reynosa,88500
906,26.08238,-98.32488,Tamaulipas,Reynosa,88500
907,26.05555,-98.34134,Tamaulipas,Reynosa,88500
908,26.04733,-98.29975,Tamaulipas,Reynosa,88500
909,26.05964,-98.30874,Tamaulipas,Reynosa,88500
911,26.01801,-98.24324,Tamaulipas,Reynosa,88500
912,26.0085,-98.24256,Tamaulipas,Reynosa,88500
913,26.05574,-98.28835,Tamaulipas,Reynosa,88500
914,26.04321,-97.95335,Tamaulipas,Río Bravo,88810
915,26.07616,-98.28808,Tamaulipas,Reynosa,88500
916,26.05247,-97.95191,Tamaulipas,Río Bravo,88810
917,26.06344,-98.37474,Tamaulipas,Reynosa,88500
918,26.07442,-98.30989,Tamaulipas,Reynosa,88500
919,26.05088,-98.32233,Tamaulipas,Reynosa,88500
921,26.00836,-98.20679,Tamaulipas,Reynosa,88500
922,26.0662,-98.34108,Tamaulipas,Reynosa,88500
923,26.08281,-98.28388,Tamaulipas,Reynosa,88500
924,26.06088,-98.28161,Tamaulipas,Reynosa,88500
925,26.05698,-98.31215,Tamaulipas,Reynosa,88500
926,26.0284,-98.43882,Tamaulipas,Reynosa,88733
927,25.92283,-98.26913,Tamaulipas,Reynosa,88796
928,26.39945,-99.02597,Tamaulipas,Miguel Alemán,88300
929,25.99169,-98.07486,Tamaulipas,Río Bravo,88920
931,26.04801,-98.37562,Tamaulipas,Reynosa,88500
932,26.38915,-99.0183,Tamaulipas,Miguel Alemán,88300
933,26.06831,-98.305,Tamaulipas,Reynosa,88500
934,26.05878,-98.29961,Tamaulipas,Reynosa,88500
935,25.99116,-98.09066,Tamaulipas,Río Bravo,88900
936,26.08377,-98.30029,Tamaulipas,Reynosa,88500
937,26.23352,-98.59779,Tamaulipas,Gustavo Díaz Ordaz,88400
938,26.39773,-99.03788,Tamaulipas,Miguel Alemán,88300
939,26.02647,-98.44417,Tamaulipas,Reynosa,88733
941,26.00379,-98.25312,Tamaulipas,Reynosa,88500
942,25.9883,-98.11208,Tamaulipas,Río Bravo,88950
943,26.05403,-98.38253,Tamaulipas,Reynosa,88500
944,25.99662,-98.06202,Tamaulipas,Río Bravo,88920
945,25.98966,-98.08214,Tamaulipas,Río Bravo,88900
946,26.03574,-98.39134,Tamaulipas,Reynosa,88730
947,26.0662,-98.267,Tamaulipas,Reynosa,88500
948,26.05154,-98.41472,Tamaulipas,Reynosa,88715
949,26.06029,-98.24792,Tamaulipas,Reynosa,88500
951,26.08338,-98.30352,Tamaulipas,Reynosa,88500
952,26.04772,-98.30035,Tamaulipas,Reynosa,88500
953,26.08276,-98.28998,Tamaulipas,Reynosa,88500
954,26.06715,-98.32452,Tamaulipas,Reynosa,88500
955,26.00686,-98.06271,Tamaulipas,Río Bravo,88923
956,25.98349,-98.08468,Tamaulipas,Río Bravo,88900
957,26.03575,-98.3799,Tamaulipas,Reynosa,88500
958,25.99809,-98.08917,Tamaulipas,Río Bravo,88900
959,26.06102,-98.29517,Tamaulipas,Reynosa,88500
961,26.23095,-98.66727,Tamaulipas,Reynosa,88500
962,26.02219,-98.27036,Tamaulipas,Reynosa,88500
963,26.06109,-98.35409,Tamaulipas,Reynosa,88500
964,26.00345,-98.24709,Tamaulipas,Reynosa,88500
965,25.98342,-98.10511,Tamaulipas,Río Bravo,88950
966,26.02126,-98.27927,Tamaulipas,Reynosa,88500
967,26.00751,-98.24571,Tamaulipas,Reynosa,88500
968,26.02023,-98.22689,Tamaulipas,Reynosa,88500
969,26.07305,-98.2914,Tamaulipas,Reynosa,88500
971,26.0366,-98.34031,Tamaulipas,Reynosa,88500
972,26.07018,-98.30235,Tamaulipas,Reynosa,88500
973,26.04916,-98.38596,Tamaulipas,Reynosa,88500
974,26.04235,-98.37229,Tamaulipas,Reynosa,88500
975,26.0282,-98.28279,Tamaulipas,Reynosa,88500
976,26.0948,-98.30479,Tamaulipas,Reynosa,88500
977,26.03871,-98.28171,Tamaulipas,Reynosa,88500
978,26.08548,-98.29332,Tamaulipas,Reynosa,88500
979,25.98337,-98.08285,Tamaulipas,Río Bravo,88900
981,26.05409,-98.35069,Tamaulipas,Reynosa,88500
982,26.06513,-98.31539,Tamaulipas,Reynosa,88500
983,25.99992,-98.25808,Tamaulipas,Reynosa,88500
984,26.06213,-98.33027,Tamaulipas,Reynosa,88500
985,26.02486,-98.24565,Tamaulipas,Reynosa,88500
986,26.01805,-98.26513,Tamaulipas,Reynosa,88500
987,26.06031,-98.32753,Tamaulipas,Reynosa,88500
988,26.03533,-98.29644,Tamaulipas,Reynosa,88500
989,26.0434,-98.32001,Tamaulipas,Reynosa,88500
991,26.01263,-98.24741,Tamaulipas,Reynosa,88500
992,26.10101,-98.31804,Tamaulipas,Reynosa,88500
993,26.06883,-98.3598,Tamaulipas,Reynosa,88500
994,26.08696,-98.33805,Tamaulipas,Reynosa,88500
995,26.03482,-98.40996,Tamaulipas,Reynosa,88733
996,25.98884,-98.27356,Tamaulipas,Reynosa,88799
997,25.99333,-98.27173,Tamaulipas,Reynosa,88799
998,26.07585,-98.26928,Tamaulipas,Reynosa,88500
999,26.02147,-98.28373,Tamaulipas,Reynosa,88500
1001,26.01288,-98.26235,Tamaulipas,Reynosa,88500
1002,26.0228,-98.28886,Tamaulipas,Reynosa,88500
1003,25.9956,-98.2471,Tamaulipas,Reynosa,88500
1004,26.09947,-98.32143,Tamaulipas,Reynosa,88500
1005,26.06356,-98.31124,Tamaulipas,Reynosa,88500
1006,26.02128,-98.25349,Tamaulipas,Reynosa,88500
1007,25.98434,-98.20065,Tamaulipas,Reynosa,88780
1008,26.08637,-98.32248,Tamaulipas,Reynosa,88500
1009,26.0701,-98.30796,Tamaulipas,Reynosa,88500
1011,26.08553,-98.33515,Tamaulipas,Reynosa,88500
1012,26.00514,-98.25797,Tamaulipas,Reynosa,88500
1013,26.05979,-98.41287,Tamaulipas,Reynosa,88715
1014,26.02676,-98.27125,Tamaulipas,Reynosa,88500
1015,26.02408,-98.39976,Tamaulipas,Reynosa,88733
1016,25.96921,-98.26604,Tamaulipas,Reynosa,88799
1017,26.04827,-98.31403,Tamaulipas,Reynosa,88500
1018,26.08398,-98.30804,Tamaulipas,Reynosa,88500
1019,26.03387,-98.39449,Tamaulipas,Reynosa,88733
1021,25.98395,-98.19187,Tamaulipas,Reynosa,88780
1022,26.07911,-98.32554,Tamaulipas,Reynosa,88500
1023,26.05529,-98.28269,Tamaulipas,Reynosa,88500
1024,25.99884,-98.23915,Tamaulipas,Reynosa,88500
1025,26.04769,-98.40773,Tamaulipas,Reynosa,88715
1026,26.03266,-98.35633,Tamaulipas,Reynosa,88500
1027,26.05567,-98.32805,Tamaulipas,Reynosa,88500
1028,26.06235,-98.37929,Tamaulipas,Reynosa,88500
1029,26.03387,-98.25722,Tamaulipas,Reynosa,88500
1031,26.40193,-99.03187,Tamaulipas,Miguel Alemán,88302
1032,26.0948,-98.2772,Tamaulipas,Reynosa,88500
1033,26.02971,-98.28762,Tamaulipas,Reynosa,88500
1034,26.0852,-98.37643,Tamaulipas,Reynosa,88500
1035,26.01175,-98.28564,Tamaulipas,Reynosa,88500
1036,26.09085,-98.324,Tamaulipas,Reynosa,88500
1037,25.96746,-98.25733,Tamaulipas,Reynosa,88799
1038,26.05081,-98.40391,Tamaulipas,Reynosa,88715
1039,26.05491,-98.31887,Tamaulipas,Reynosa,88500
1041,25.98343,-98.09802,Tamaulipas,Río Bravo,88900
1042,25.9756,-98.05814,Tamaulipas,Río Bravo,88920
1043,26.05884,-98.34364,Tamaulipas,Reynosa,88500
1044,25.98861,-98.12478,Tamaulipas,Río Bravo,88950
1045,25.98755,-98.05539,Tamaulipas,Río Bravo,88920
1046,26.09036,-98.28066,Tamaulipas,Reynosa,88500
1047,26.07928,-98.29009,Tamaulipas,Reynosa,88500
1048,26.03145,-98.38466,Tamaulipas,Reynosa,88500
1049,26.00607,-98.12218,Tamaulipas,Río Bravo,88950
1051,26.03374,-98.29404,Tamaulipas,Reynosa,88500
1052,26.06517,-98.3448,Tamaulipas,Reynosa,88500
1053,26.04132,-98.29259,Tamaulipas,Reynosa,88500
1054,26.09605,-98.29327,Tamaulipas,Reynosa,88500
1055,26.01132,-98.3814,Tamaulipas,Reynosa,88500
1056,26.03571,-98.342,Tamaulipas,Reynosa,88500